Year,Country,Language
1956,Netherlands A,Dutch
1956,Switzerland A,German
1956,Belgium A,French
1956,Germany A,German
1956,France A,French
1956,Luxembourg A,French
1956,Italy A,Italian
1956,Netherlands B,Dutch
1956,Switzerland B,French
1956,Belgium B,French
1956,Germany B,German
1956,France B,French
1956,Luxembourg B,French
1956,Italy B,Italian
1957,Belgium,Dutch
1957,Luxembourg,French
1957,United Kingdom,English
1957,Italy,Italian
1957,Austria,German
1957,Netherlands,Dutch
1957,Germany,German
1957,France,French
1957,Denmark,Danish
1957,Switzerland,French
1958,Italy,Italian
1958,Netherlands,Dutch
1958,France,French
1958,Luxembourg,French
1958,Sweden,Swedish
1958,Denmark,Danish
1958,Belgium,French
1958,Germany,German
1958,Austria,German
1958,Switzerland,"German, Italian"
1959,France,French
1959,Denmark,Danish
1959,Italy,Italian
1959,Monaco,French
1959,Netherlands,Dutch
1959,Germany,German
1959,Sweden,Swedish
1959,Switzerland,German
1959,Austria,German
1959,United Kingdom,English
1959,Belgium,Dutch
1960,United Kingdom,English
1960,Sweden,Swedish
1960,Luxembourg,Luxembourgish
1960,Denmark,Danish
1960,Belgium,French
1960,Norway,Norwegian
1960,Austria,German
1960,Monaco,French
1960,Switzerland,Italian
1960,Netherlands,Dutch
1960,Germany,German
1960,Italy,Italian
1960,France,French
1961,Spain,Spanish
1961,Monaco,French
1961,Austria,German
1961,Finland,Finnish
1961,Yugoslavia,Serbo-Croatian
1961,Netherlands,Dutch
1961,Sweden,Swedish
1961,Germany,"German, French"
1961,France,French
1961,Switzerland,French
1961,Belgium,Dutch
1961,Norway,Norwegian
1961,Denmark,Danish
1961,Luxembourg,French
1961,United Kingdom,English
1961,Italy,Italian
1962,Finland,Finnish
1962,Belgium,French
1962,Spain,Spanish
1962,Austria,German
1962,Denmark,Danish
1962,Sweden,Swedish
1962,Germany,German
1962,Netherlands,Dutch
1962,France,French
1962,Norway,Norwegian
1962,Switzerland,French
1962,Yugoslavia,Serbo-Croatian
1962,United Kingdom,English
1962,Luxembourg,French
1962,Italy,Italian
1962,Monaco,French
1963,United Kingdom,English
1963,Netherlands,Dutch
1963,Germany,German
1963,Austria,"German, English"
1963,Norway,Norwegian
1963,Italy,Italian
1963,Finland,Finnish
1963,Denmark,Danish
1963,Yugoslavia,Serbo-Croatian
1963,Switzerland,French
1963,France,French
1963,Spain,Spanish
1963,Sweden,Swedish
1963,Belgium,Dutch
1963,Monaco,French
1963,Luxembourg,French
1964,Luxembourg,French
1964,Netherlands,Dutch
1964,Norway,Norwegian
1964,Denmark,Danish
1964,Finland,Finnish
1964,Austria,German
1964,France,French
1964,United Kingdom,English
1964,Germany,German
1964,Monaco,French
1964,Portugal,Portuguese
1964,Italy,Italian
1964,Yugoslavia,Serbo-Croatian
1964,Switzerland,Italian
1964,Belgium,French
1964,Spain,Spanish
1965,Netherlands,Dutch
1965,United Kingdom,English
1965,Spain,Spanish
1965,Ireland,English
1965,Germany,German
1965,Austria,German
1965,Norway,Norwegian
1965,Belgium,Dutch
1965,Monaco,French
1965,Sweden,English
1965,France,French
1965,Portugal,Portuguese
1965,Italy,Italian
1965,Denmark,Danish
1965,Luxembourg,French
1965,Finland,Finnish
1965,Yugoslavia,Serbo-Croatian
1965,Switzerland,French
1966,Germany,German
1966,Denmark,Danish
1966,Belgium,French
1966,Luxembourg,French
1966,Yugoslavia,Slovene
1966,Norway,Norwegian
1966,Finland,Finnish
1966,Portugal,Portuguese
1966,Austria,German[b]
1966,Sweden,Swedish
1966,Spain,Spanish
1966,Switzerland,French
1966,Monaco,French
1966,Italy,Italian
1966,France,French
1966,Netherlands,Dutch
1966,Ireland,English
1966,United Kingdom,English
1967,Netherlands,Dutch
1967,Luxembourg,French
1967,Austria,German
1967,France,French
1967,Portugal,Portuguese
1967,Switzerland,French
1967,Sweden,Swedish
1967,Finland,Finnish
1967,Germany,German
1967,Belgium,Dutch
1967,United Kingdom,English
1967,Spain,Spanish
1967,Norway,Norwegian
1967,Monaco,French
1967,Yugoslavia,Slovene
1967,Italy,Italian
1967,Ireland,English
1968,Portugal,Portuguese
1968,Netherlands,Dutch
1968,Belgium,French
1968,Austria,German
1968,Luxembourg,French
1968,Switzerland,Italian
1968,Monaco,French
1968,Sweden,Swedish
1968,Finland,Finnish
1968,France,French
1968,Italy,Italian
1968,United Kingdom,English
1968,Norway,Norwegian
1968,Ireland,English
1968,Spain,Spanish
1968,Germany,German
1968,Yugoslavia,Serbo-Croatian
1969,Yugoslavia,Serbo-Croatian
1969,Luxembourg,French
1969,Spain,Spanish
1969,Monaco,French
1969,Ireland,English
1969,Italy,Italian
1969,United Kingdom,English
1969,Netherlands,Dutch
1969,Sweden,Swedish
1969,Belgium,Dutch
1969,Switzerland,German
1969,Norway,Norwegian
1969,Germany,German
1969,France,French
1969,Portugal,Portuguese
1969,Finland,Finnish
1970,Netherlands,Dutch
1970,Switzerland,French
1970,Italy,Italian
1970,Yugoslavia,Slovene
1970,Belgium,French
1970,France,French
1970,United Kingdom,English
1970,Luxembourg,French
1970,Spain,Spanish
1970,Monaco,French
1970,Germany,German
1970,Ireland,English
1971,Austria,Viennese
1971,Malta,Maltese
1971,Monaco,French
1971,Switzerland,French
1971,Germany,German
1971,Spain,Spanish
1971,France,French
1971,Luxembourg,French
1971,United Kingdom,English
1971,Belgium,Dutch
1971,Italy,Italian
1971,Sweden,Swedish
1971,Ireland,English
1971,Netherlands,Dutch
1971,Portugal,Portuguese
1971,Yugoslavia,Serbo-Croatian
1971,Finland,Finnish
1971,Norway,Norwegian
1972,Germany,German
1972,France,French
1972,Ireland,Irish
1972,Spain,Spanish
1972,United Kingdom,English
1972,Norway,Norwegian
1972,Portugal,Portuguese
1972,Switzerland,French
1972,Malta,Maltese
1972,Finland,Finnish
1972,Austria,German
1972,Italy,Italian
1972,Yugoslavia,Serbo-Croatian
1972,Sweden,Swedish
1972,Monaco,French
1972,Belgium,French
1972,Luxembourg,French
1972,Netherlands,Dutch
1973,Finland,English
1973,Belgium,Dutch[b][c][d]
1973,Portugal,Portuguese
1973,Germany,German
1973,Norway,"English, French[d][e][f][g][h][i][j][k][l][m]"
1973,Monaco,French
1973,Spain,Spanish
1973,Switzerland,French
1973,Yugoslavia,Serbo-Croatian
1973,Italy,Italian
1973,Luxembourg,French
1973,Sweden,English
1973,Netherlands,Dutch
1973,Ireland,English
1973,United Kingdom,English
1973,France,French
1973,Israel,Hebrew
1974,Finland,English
1974,United Kingdom,English
1974,Spain,Spanish
1974,Norway,English
1974,Greece,Greek
1974,Israel,Hebrew
1974,Yugoslavia,Serbo-Croatian
1974,Sweden,English
1974,Luxembourg,French[c]
1974,Monaco,French
1974,Belgium,French
1974,Netherlands,English
1974,Ireland,English
1974,Germany,German
1974,Switzerland,German
1974,Portugal,Portuguese
1974,Italy,Italian
1975,Netherlands,English
1975,Ireland,English
1975,France,French
1975,Germany,"German, English"
1975,Luxembourg,French
1975,Norway,English
1975,Switzerland,German
1975,Yugoslavia,Slovene
1975,United Kingdom,English
1975,Malta,English
1975,Belgium,"Dutch, English"
1975,Israel,Hebrew
1975,Turkey,Turkish
1975,Monaco,French
1975,Finland,English
1975,Portugal,Portuguese
1975,Spain,Spanish
1975,Sweden,English
1975,Italy,Italian
1976,United Kingdom,English
1976,Switzerland,English
1976,Germany,German
1976,Israel,Hebrew
1976,Luxembourg,French
1976,Belgium,French
1976,Ireland,English
1976,Netherlands,English
1976,Norway,English
1976,Greece,Greek
1976,Finland,English
1976,Spain,Spanish
1976,Italy,"English, Italian"
1976,Austria,English
1976,Portugal,Portuguese
1976,Monaco,French
1976,France,French
1976,Yugoslavia,Serbo-Croatian
1977,Ireland,English
1977,Monaco,French
1977,Netherlands,Dutch
1977,Austria,German[c]
1977,Norway,Norwegian
1977,Germany,English
1977,Luxembourg,French
1977,Portugal,Portuguese
1977,United Kingdom,English
1977,Greece,Greek
1977,Israel,Hebrew
1977,Switzerland,German
1977,Sweden,Swedish
1977,Spain,Spanish
1977,Italy,Italian
1977,Finland,Finnish
1977,Belgium,English
1977,France,French
1978,Ireland,English
1978,Norway,Norwegian
1978,Italy,Italian
1978,Finland,Finnish
1978,Portugal,Portuguese
1978,France,French
1978,Spain,Spanish[b]
1978,United Kingdom,English
1978,Switzerland,French
1978,Belgium,French
1978,Netherlands,Dutch
1978,Turkey,Turkish
1978,Germany,German
1978,Monaco,French
1978,Greece,Greek
1978,Denmark,Danish
1978,Luxembourg,French
1978,Israel,Hebrew
1978,Austria,German[c]
1978,Sweden,Swedish
1979,Portugal,Portuguese
1979,Italy,Italian
1979,Denmark,Danish
1979,Ireland,English
1979,Finland,Finnish
1979,Monaco,French
1979,Greece,Greek
1979,Switzerland,German
1979,Germany,German
1979,Israel,Hebrew
1979,France,French
1979,Belgium,Dutch
1979,Luxembourg,French
1979,Netherlands,Dutch
1979,Sweden,Swedish
1979,Norway,Norwegian
1979,United Kingdom,English
1979,Austria,German
1979,Spain,Spanish
1980,Austria,German
1980,Turkey,Turkish
1980,Greece,Greek
1980,Luxembourg,French
1980,Morocco,Arabic
1980,Italy,Italian
1980,Denmark,Danish
1980,Sweden,Swedish
1980,Switzerland,French
1980,Finland,Finnish
1980,Norway,Norwegian
1980,Germany,German
1980,United Kingdom,English
1980,Portugal,Portuguese
1980,Netherlands,Dutch
1980,France,French
1980,Ireland,English
1980,Spain,Spanish
1980,Belgium,French
1981,Austria,German
1981,Turkey,Turkish
1981,Germany,German
1981,Luxembourg,French
1981,Israel,Hebrew
1981,Denmark,Danish
1981,Yugoslavia,Serbo-Croatian
1981,Finland,Finnish
1981,France,French
1981,Spain,Spanish
1981,Netherlands,Dutch
1981,Ireland,English
1981,Norway,Norwegian
1981,United Kingdom,English
1981,Portugal,Portuguese
1981,Belgium,Dutch
1981,Greece,Greek
1981,Cyprus,Greek
1981,Switzerland,Italian
1981,Sweden,Swedish
1982,Portugal,Portuguese
1982,Luxembourg,French
1982,Norway,Norwegian
1982,United Kingdom,English
1982,Turkey,Turkish
1982,Finland,Finnish
1982,Switzerland,French
1982,Cyprus,Greek
1982,Sweden,Swedish
1982,Austria,German
1982,Belgium,French
1982,Spain,Spanish
1982,Denmark,Danish
1982,Yugoslavia,Serbo-Croatian
1982,Israel,Hebrew
1982,Netherlands,Dutch
1982,Ireland,English
1982,Germany,German
1983,France,French
1983,Norway,Norwegian
1983,United Kingdom,English
1983,Sweden,Swedish
1983,Italy,Italian
1983,Turkey,Turkish
1983,Spain,Spanish
1983,Switzerland,Italian
1983,Finland,Finnish
1983,Greece,Greek
1983,Netherlands,Dutch[c]
1983,Yugoslavia,Serbo-Croatian
1983,Cyprus,Greek
1983,Germany,German
1983,Denmark,Danish
1983,Israel,Hebrew
1983,Portugal,Portuguese
1983,Austria,German
1983,Belgium,Dutch
1983,Luxembourg,French
1984,Sweden,Swedish
1984,Luxembourg,French
1984,France,French
1984,Spain,Spanish[c]
1984,Norway,Norwegian
1984,United Kingdom,English
1984,Cyprus,Greek
1984,Belgium,French[e]
1984,Ireland,English
1984,Denmark,Danish
1984,Netherlands,Dutch
1984,Yugoslavia,Serbo-Croatian
1984,Austria,German
1984,Germany,German
1984,Turkey,Turkish
1984,Finland,Finnish
1984,Switzerland,German
1984,Italy,Italian[g]
1984,Portugal,Portuguese
1985,Ireland,English
1985,Finland,Finnish
1985,Cyprus,Greek
1985,Denmark,Danish
1985,Spain,Spanish
1985,France,French
1985,Turkey,Turkish
1985,Belgium,Dutch
1985,Portugal,Portuguese
1985,Germany,German
1985,Israel,Hebrew
1985,Italy,Italian
1985,Norway,Norwegian
1985,United Kingdom,English
1985,Switzerland,German
1985,Sweden,Swedish
1985,Austria,German
1985,Luxembourg,French
1985,Greece,Greek
1986,Luxembourg,French
1986,Yugoslavia,Serbo-Croatian
1986,France,French
1986,Norway,Norwegian
1986,United Kingdom,English
1986,Iceland,Icelandic
1986,Netherlands,Dutch
1986,Turkey,Turkish[b][c][e]
1986,Spain,Spanish
1986,Switzerland,French
1986,Israel,Hebrew
1986,Ireland,English
1986,Belgium,French
1986,Germany,German
1986,Cyprus,Greek
1986,Austria,German
1986,Sweden,Swedish
1986,Denmark,Danish
1986,Finland,Finnish
1986,Portugal,Portuguese
1987,Norway,Norwegian
1987,Israel,Hebrew
1987,Austria,German
1987,Iceland,Icelandic
1987,Belgium,Dutch[c]
1987,Sweden,Swedish
1987,Italy,Italian
1987,Portugal,Portuguese
1987,Spain,Spanish
1987,Turkey,Turkish
1987,Greece,Greek
1987,Netherlands,Dutch
1987,Luxembourg,French
1987,United Kingdom,English
1987,France,French
1987,Germany,German
1987,Cyprus,Greek
1987,Finland,Finnish
1987,Denmark,Danish
1987,Ireland,English
1987,Yugoslavia,Serbo-Croatian[c]
1987,Switzerland,French
1988,Iceland,Icelandic
1988,Sweden,Swedish
1988,Finland,Finnish
1988,United Kingdom,English
1988,Turkey,Turkish
1988,Spain,Spanish
1988,Netherlands,Dutch
1988,Israel,Hebrew
1988,Switzerland,French
1988,Ireland,English
1988,Germany,German
1988,Austria,German
1988,Denmark,Danish
1988,Greece,Greek
1988,Norway,Norwegian
1988,Belgium,French
1988,Luxembourg,French
1988,Italy,Italian
1988,France,French
1988,Portugal,Portuguese
1988,Yugoslavia,Serbo-Croatian
1989,Italy,Italian
1989,Israel,Hebrew
1989,Ireland,English
1989,Netherlands,Dutch
1989,Turkey,Turkish
1989,Belgium,Dutch
1989,United Kingdom,English
1989,Norway,Norwegian
1989,Portugal,Portuguese
1989,Sweden,Swedish
1989,Luxembourg,French
1989,Denmark,Danish
1989,Austria,German
1989,Finland,Finnish
1989,France,French
1989,Spain,Spanish
1989,Cyprus,Greek
1989,Switzerland,Romansh
1989,Greece,Greek
1989,Iceland,Icelandic
1989,Germany,German
1989,Yugoslavia,Serbo-Croatian
1990,Spain,Spanish
1990,Greece,Greek
1990,Belgium,French
1990,Turkey,Turkish
1990,Netherlands,Dutch
1990,Luxembourg,French
1990,United Kingdom,English
1990,Iceland,Icelandic
1990,Norway,Norwegian
1990,Israel,Hebrew
1990,Denmark,Danish
1990,Switzerland,German
1990,Germany,German
1990,France,French
1990,Yugoslavia,Serbo-Croatian
1990,Portugal,Portuguese
1990,Ireland,English
1990,Sweden,Swedish
1990,Italy,Italian
1990,Austria,German[b][c][j]
1990,Cyprus,Greek
1990,Finland,Swedish
1991,Yugoslavia,Serbo-Croatian
1991,Iceland,Icelandic
1991,Malta,English
1991,Greece,Greek
1991,Switzerland,Italian
1991,Austria,German
1991,Luxembourg,French
1991,Sweden,Swedish
1991,France,French
1991,Turkey,Turkish
1991,Ireland,English
1991,Portugal,Portuguese
1991,Denmark,Danish
1991,Norway,Norwegian
1991,Israel,Hebrew
1991,Finland,Finnish
1991,Germany,German
1991,Belgium,Dutch
1991,Spain,Spanish
1991,United Kingdom,English
1991,Cyprus,Greek
1991,Italy,Neapolitan
1992,Spain,Spanish
1992,Belgium,French
1992,Israel,Hebrew
1992,Turkey,Turkish
1992,Greece,Greek
1992,France,"French, Antillean Creole"
1992,Sweden,Swedish
1992,Portugal,Portuguese
1992,Cyprus,Greek
1992,Malta,English
1992,Iceland,Icelandic
1992,Finland,Finnish
1992,Switzerland,French
1992,Luxembourg,Luxembourgish
1992,Austria,German
1992,United Kingdom,English
1992,Ireland,English
1992,Denmark,Danish
1992,Italy,Italian
1992,Yugoslavia,Serbian
1992,Norway,Norwegian
1992,Germany,German
1992,Netherlands,Dutch
1993,Italy,Italian
1993,Turkey,Turkish
1993,Germany,German
1993,Switzerland,French
1993,Denmark,Danish
1993,Greece,Greek
1993,Belgium,Dutch
1993,Malta,English
1993,Iceland,Icelandic
1993,Austria,German
1993,Portugal,Portuguese
1993,France,"French, Corsican"
1993,Sweden,Swedish
1993,Ireland,English
1993,Luxembourg,"French, Luxembourgish"
1993,Slovenia,Slovene
1993,Finland,Finnish
1993,Bosnia and Herzegovina,Bosnian
1993,United Kingdom,English
1993,Netherlands,Dutch
1993,Croatia,"Croatian, English"
1993,Spain,Spanish
1993,Cyprus,Greek
1993,Israel,"Hebrew, English"
1993,Norway,Norwegian
1994,Sweden,Swedish
1994,Finland,Finnish
1994,Ireland,English
1994,Cyprus,Greek
1994,Iceland,Icelandic
1994,United Kingdom,English
1994,Croatia,Croatian
1994,Portugal,Portuguese
1994,Switzerland,Italian
1994,Estonia,Estonian
1994,Romania,Romanian
1994,Malta,English
1994,Netherlands,Dutch
1994,Germany,German[c]
1994,Slovakia,Slovak
1994,Lithuania,Lithuanian
1994,Norway,Norwegian
1994,Bosnia and Herzegovina,Bosnian
1994,Greece,Greek
1994,Austria,German
1994,Spain,Spanish
1994,Hungary,Hungarian
1994,Russia,Russian
1994,Poland,Polish
1994,France,French
1995,Poland,Polish
1995,Ireland,English
1995,Germany,German
1995,Bosnia and Herzegovina,Bosnian
1995,Norway,Norwegian
1995,Russia,Russian
1995,Iceland,Icelandic
1995,Austria,German
1995,Spain,Spanish
1995,Turkey,Turkish
1995,Croatia,Croatian
1995,France,French
1995,Hungary,Hungarian
1995,Belgium,French
1995,United Kingdom,English
1995,Portugal,Portuguese
1995,Cyprus,Greek
1995,Sweden,Swedish
1995,Denmark,Danish
1995,Slovenia,Slovene
1995,Israel,Hebrew
1995,Malta,English
1995,Greece,Greek[o]
1996,Turkey,Turkish
1996,United Kingdom,English
1996,Spain,Spanish
1996,Portugal,Portuguese
1996,Cyprus,Greek
1996,Malta,English
1996,Croatia,Croatian
1996,Austria,Vorarlbergish
1996,Switzerland,French
1996,Greece,Greek
1996,Estonia,Estonian
1996,Norway,Norwegian
1996,France,Breton
1996,Slovenia,Slovene
1996,Netherlands,Dutch
1996,Belgium,Dutch
1996,Ireland,English
1996,Finland,Finnish
1996,Iceland,Icelandic
1996,Poland,Polish
1996,Bosnia and Herzegovina,Bosnian
1996,Slovakia,Slovak
1996,Sweden,Swedish
1997,Cyprus,Greek
1997,Turkey,Turkish
1997,Norway,Norwegian[c]
1997,Austria,German[c]
1997,Ireland,English
1997,Slovenia,Slovene
1997,Switzerland,Italian
1997,Netherlands,Dutch
1997,Italy,Italian
1997,Spain,Spanish
1997,Germany,German
1997,Poland,Polish
1997,Estonia,Estonian
1997,Bosnia and Herzegovina,Bosnian
1997,Portugal,Portuguese
1997,Sweden,Swedish
1997,Greece,Greek
1997,Malta,English
1997,Hungary,Hungarian
1997,Russia,Russian
1997,Denmark,Danish
1997,France,French
1997,Croatia,Croatian
1997,United Kingdom,English
1997,Iceland,Icelandic
1998,Croatia,Croatian
1998,Greece,Greek
1998,France,French
1998,Spain,Spanish
1998,Switzerland,German
1998,Slovakia,Slovak
1998,Poland,Polish
1998,Israel,Hebrew
1998,Germany,German
1998,Malta,English
1998,Hungary,Hungarian
1998,Slovenia,Slovene
1998,Ireland,English
1998,Portugal,Portuguese
1998,Romania,Romanian
1998,United Kingdom,English
1998,Cyprus,Greek
1998,Netherlands,Dutch
1998,Sweden,Swedish
1998,Belgium,French
1998,Finland,Finnish
1998,Norway,Norwegian
1998,Estonia,Estonian
1998,Turkey,Turkish
1998,Macedonia,Macedonian
1999,Lithuania,Samogitian
1999,Belgium,English
1999,Spain,Spanish
1999,Croatia,Croatian
1999,United Kingdom,English
1999,Slovenia,English
1999,Turkey,Turkish
1999,Norway,English
1999,Denmark,English
1999,France,French
1999,Netherlands,English
1999,Poland,Polish
1999,Iceland,English
1999,Cyprus,Greek
1999,Sweden,English
1999,Portugal,Portuguese
1999,Ireland,English
1999,Austria,English
1999,Israel,"Hebrew, English"
1999,Malta,English
1999,Germany,"German, Turkish, English[i]"
1999,Bosnia and Herzegovina,"Bosnian, French"
1999,Estonia,English
2000,Israel,Hebrew[c]
2000,Netherlands,English
2000,United Kingdom,English
2000,Estonia,English
2000,France,French
2000,Romania,English
2000,Malta,English[p]
2000,Norway,English
2000,Russia,English
2000,Belgium,French
2000,Cyprus,"Greek, Italian"
2000,Iceland,English
2000,Spain,Spanish
2000,Denmark,English
2000,Germany,"German, English"
2000,Switzerland,Italian
2000,Croatia,Croatian
2000,Sweden,English
2000,Macedonia,"Macedonian, English"
2000,Finland,English
2000,Latvia,English
2000,Turkey,"Turkish, English"
2000,Ireland,English
2000,Austria,English
2001,Netherlands,English
2001,Iceland,English
2001,Bosnia and Herzegovina,"Bosnian, English"
2001,Norway,English
2001,Israel,Hebrew
2001,Russia,English
2001,Sweden,English
2001,Lithuania,"English, Lithuanian"
2001,Latvia,English
2001,Croatia,English
2001,Portugal,Portuguese
2001,Ireland,English
2001,Spain,Spanish
2001,France,"French, English"
2001,Turkey,"Turkish, English"
2001,United Kingdom,English
2001,Slovenia,English
2001,Poland,English
2001,Germany,"German, English"
2001,Estonia,English
2001,Malta,English
2001,Greece,"Greek, English"
2001,Denmark,English
2002,Cyprus,English
2002,United Kingdom,English
2002,Austria,English
2002,Greece,English[q]
2002,Spain,Spanish
2002,Croatia,English
2002,Russia,English
2002,Estonia,English
2002,Macedonia,Macedonian
2002,Israel,"Hebrew, English"
2002,Switzerland,French
2002,Sweden,English
2002,Finland,English
2002,Denmark,English
2002,Bosnia and Herzegovina,"Serbian, English"
2002,Belgium,English
2002,France,French
2002,Germany,English
2002,Turkey,"Turkish, English"
2002,Malta,English
2002,Romania,English
2002,Slovenia,Slovene
2002,Latvia,English
2002,Lithuania,English
2003,Iceland,English
2003,Austria,Styrian
2003,Ireland,English
2003,Turkey,English
2003,Malta,English
2003,Bosnia and Herzegovina,"Croatian, English"
2003,Portugal,"Portuguese, English"
2003,Croatia,"Croatian, English"
2003,Cyprus,English
2003,Germany,English
2003,Russia,Russian
2003,Spain,Spanish
2003,Israel,Hebrew[b][c][d][q]
2003,Netherlands,English
2003,United Kingdom,English
2003,Ukraine,English
2003,Greece,English
2003,Norway,English
2003,France,French
2003,Poland,"German, Polish, Russian"
2003,Latvia,English
2003,Belgium,Imaginary
2003,Estonia,English
2003,Romania,English
2003,Sweden,English
2003,Slovenia,English
2004,Finland,English
2004,Belarus,English
2004,Switzerland,English
2004,Latvia,Latvian
2004,Israel,"Hebrew, English"
2004,Andorra,Catalan
2004,Portugal,Portuguese
2004,Malta,English
2004,Monaco,French
2004,Greece,English
2004,Ukraine,"English, Ukrainian"
2004,Lithuania,English
2004,Albania,English
2004,Cyprus,English
2004,Macedonia,English
2004,Slovenia,English
2004,Estonia,Võro
2004,Croatia,English
2004,Denmark,English
2004,Serbia and Montenegro,Serbian
2004,Bosnia and Herzegovina,English
2004,Netherlands,English
2004,Spain,Spanish
2004,Austria,German
2004,Norway,English
2004,France,"French, Spanish"
2004,Serbia and Montenegro,Serbian
2004,Malta,English
2004,Netherlands,English
2004,Germany,"English, Turkish"
2004,Albania,English
2004,Ukraine,"English, Ukrainian"
2004,Croatia,English
2004,Bosnia and Herzegovina,English
2004,Belgium,English
2004,Russia,English
2004,Macedonia,English
2004,Greece,English
2004,Iceland,English
2004,Ireland,English
2004,Poland,"English, Spanish"
2004,United Kingdom,English
2004,Cyprus,English
2004,Turkey,English
2004,Romania,English
2004,Sweden,English
2005,Austria,"English, Spanish"
2005,Lithuania,English
2005,Portugal,"Portuguese, English"
2005,Moldova,"English, Romanian"
2005,Latvia,English
2005,Monaco,French
2005,Israel,"Hebrew, English"
2005,Belarus,English
2005,Netherlands,English
2005,Iceland,English
2005,Belgium,French
2005,Estonia,English
2005,Norway,English
2005,Romania,English
2005,Hungary,Hungarian
2005,Finland,English
2005,Macedonia,English
2005,Andorra,Catalan
2005,Switzerland,English
2005,Croatia,Croatian
2005,Bulgaria,English
2005,Ireland,English
2005,Slovenia,Slovene
2005,Denmark,English
2005,Poland,"Polish, Russian"
2005,Final,Final
2005,Hungary,Hungarian
2005,United Kingdom,English
2005,Malta,English
2005,Romania,English
2005,Norway,English
2005,Turkey,Turkish
2005,Moldova,"English, Romanian"
2005,Albania,English
2005,Cyprus,English
2005,Spain,Spanish
2005,Israel,"Hebrew, English"
2005,Serbia and Montenegro,Montenegrin
2005,Denmark,English
2005,Sweden,English
2005,Macedonia,English
2005,Ukraine,"Ukrainian, English[b][d][g][r][s][t]"
2005,Germany,English
2005,Croatia,Croatian
2005,Greece,English
2005,Russia,English
2005,Bosnia and Herzegovina,English
2005,Switzerland,English
2005,Latvia,English
2005,France,French
2006,Armenia,English
2006,Bulgaria,English
2006,Slovenia,English
2006,Andorra,Catalan
2006,Belarus,English
2006,Albania,Albanian
2006,Belgium,English
2006,Ireland,English
2006,Cyprus,English
2006,Monaco,"French, Tahitian"
2006,Macedonia,"English, Macedonian"
2006,Poland,"English, Polish, German, Russian[d]"
2006,Russia,English
2006,Turkey,Turkish
2006,Ukraine,English
2006,Finland,English
2006,Netherlands,"English, Imaginary"
2006,Lithuania,English[b]
2006,Portugal,"Portuguese, English"
2006,Sweden,English
2006,Estonia,English
2006,Bosnia and Herzegovina,Bosnian
2006,Iceland,English
2006,Switzerland,English
2006,Moldova,English[d]
2006,Israel,"Hebrew, English"
2006,Latvia,English
2006,Norway,Norwegian
2006,Spain,Spanish
2006,Malta,English
2006,Germany,English
2006,Denmark,English
2006,Russia,English
2006,Macedonia,"English, Macedonian"
2006,Romania,"English, Italian"
2006,Bosnia and Herzegovina,Bosnian
2006,Lithuania,English[b]
2006,United Kingdom,English
2006,Greece,English
2006,Finland,English
2006,Ukraine,English
2006,France,French
2006,Croatia,Croatian
2006,Ireland,English
2006,Sweden,English
2006,Turkey,"Turkish, English"
2006,Armenia,English
2007,Bulgaria,Bulgarian
2007,Israel,"English, French, Hebrew"
2007,Cyprus,French
2007,Belarus,English
2007,Iceland,English
2007,Georgia,English
2007,Montenegro,Montenegrin
2007,Switzerland,English
2007,Moldova,English
2007,Netherlands,English
2007,Albania,"English, Albanian"
2007,Denmark,English
2007,Croatia,"Croatian, English"
2007,Poland,English
2007,Serbia,Serbian
2007,Czech Republic,Czech
2007,Portugal,"Portuguese, English[b][c]"
2007,Macedonia,"Macedonian, English"
2007,Norway,English[d]
2007,Malta,English
2007,Andorra,"Catalan, English"
2007,Hungary,English
2007,Estonia,English
2007,Belgium,English
2007,Slovenia,Slovene
2007,Turkey,English
2007,Austria,English
2007,Latvia,Italian
2007,Bosnia and Herzegovina,Serbian
2007,Spain,Spanish[c]
2007,Belarus,English
2007,Ireland,English
2007,Finland,English
2007,Macedonia,"Macedonian, English"
2007,Slovenia,Slovene
2007,Hungary,English
2007,Lithuania,English
2007,Greece,English[q]
2007,Georgia,English
2007,Sweden,English
2007,France,"French, English (""Franglais"")"
2007,Latvia,Italian
2007,Russia,English
2007,Germany,"German, English"
2007,Serbia,Serbian
2007,Ukraine,"German, English, Ukrainian, Russian"
2007,United Kingdom,English
2007,Romania,"English, Italian, Spanish,Russian, French, Romanian"
2007,Bulgaria,Bulgarian
2007,Turkey,English
2007,Armenia,"English, Armenian"
2007,Moldova,English
2008,Montenegro,Montenegrin
2008,Israel,"Hebrew, English"
2008,Estonia,"Serbian, German, Finnish"
2008,Moldova,English
2008,San Marino,Italian
2008,Belgium,Imaginary
2008,Azerbaijan,English
2008,Slovenia,Slovene
2008,Norway,English
2008,Poland,English
2008,Ireland,English[b][d][e][g]
2008,Andorra,"English, Catalan"
2008,Bosnia and Herzegovina,Bosnian
2008,Armenia,"English, Armenian"
2008,Netherlands,English
2008,Finland,Finnish
2008,Romania,"Romanian, Italian"
2008,Russia,English
2008,Greece,English
2008,Iceland,English
2008,Sweden,English
2008,Turkey,Turkish
2008,Ukraine,English
2008,Lithuania,English
2008,Albania,Albanian
2008,Switzerland,Italian
2008,Czech Republic,English
2008,Belarus,English[d]
2008,Latvia,English
2008,Croatia,Croatian
2008,Bulgaria,English
2008,Denmark,English
2008,Georgia,English
2008,Hungary,"English, Hungarian"
2008,Malta,English[t]
2008,Cyprus,Greek
2008,Macedonia,English
2008,Portugal,Portuguese
2008,Romania,"Romanian, Italian"
2008,United Kingdom,English
2008,Albania,Albanian
2008,Germany,English
2008,Armenia,"English, Armenian"
2008,Bosnia and Herzegovina,Bosnian
2008,Israel,"Hebrew, English"
2008,Finland,Finnish
2008,Croatia,Croatian
2008,Poland,English
2008,Iceland,English
2008,Turkey,Turkish
2008,Portugal,Portuguese
2008,Latvia,English
2008,Sweden,English
2008,Denmark,English
2008,Georgia,English
2008,Ukraine,English
2008,France,"English, French"
2008,Azerbaijan,English
2008,Greece,English
2008,Spain,"Spanish, English"
2008,Serbia,Serbian
2008,Russia,English
2008,Norway,English
2009,Montenegro,English
2009,Czech Republic,"English, Romani"
2009,Belgium,English
2009,Belarus,English
2009,Sweden,"French, English"
2009,Armenia,"English, Armenian"
2009,Andorra,"Catalan, English"
2009,Switzerland,English
2009,Turkey,English
2009,Israel,"English, Hebrew, Arabic"
2009,Bulgaria,English
2009,Iceland,English
2009,Macedonia,Macedonian
2009,Romania,English
2009,Finland,English
2009,Portugal,Portuguese
2009,Malta,English
2009,Bosnia and Herzegovina,Bosnian
2009,Croatia,Croatian
2009,Ireland,English
2009,Latvia,Russian
2009,Serbia,Serbian
2009,Poland,English
2009,Norway,English
2009,Cyprus,English
2009,Slovakia,Slovak
2009,Denmark,English
2009,Slovenia,"English, Slovene"
2009,Hungary,English
2009,Azerbaijan,English
2009,Greece,English
2009,Lithuania,"English, Russian"
2009,Moldova,"Romanian, English"
2009,Albania,English
2009,Ukraine,English
2009,Estonia,Estonian
2009,Netherlands,English
2009,Lithuania,"English, Russian"
2009,Israel,"English, Hebrew, Arabic"
2009,France,French
2009,Sweden,"French, English"
2009,Croatia,Croatian
2009,Portugal,Portuguese
2009,Iceland,English
2009,Greece,English
2009,Armenia,"English, Armenian"
2009,Russia,"Russian, Ukrainian"
2009,Azerbaijan,English
2009,Bosnia and Herzegovina,Bosnian
2009,Moldova,"Romanian, English"
2009,Malta,English
2009,Estonia,Estonian
2009,Denmark,English
2009,Germany,English
2009,Turkey,English
2009,Albania,English
2009,Norway,English
2009,Ukraine,English
2009,Romania,English
2009,United Kingdom,English
2009,Finland,English
2009,Spain,Spanish
2010,Moldova,English
2010,Russia,English
2010,Estonia,English
2010,Slovakia,Slovak
2010,Finland,Finnish
2010,Latvia,English
2010,Serbia,Serbian
2010,Bosnia and Herzegovina,English
2010,Poland,"English, Polish"
2010,Belgium,English
2010,Malta,English
2010,Albania,English
2010,Greece,Greek[c]
2010,Portugal,Portuguese
2010,Macedonia,Macedonian
2010,Belarus,English
2010,Iceland,English
2010,Lithuania,English
2010,Armenia,English
2010,Israel,Hebrew
2010,Denmark,English
2010,Switzerland,French
2010,Sweden,English
2010,Azerbaijan,English
2010,Ukraine,English
2010,Netherlands,Dutch
2010,Romania,English
2010,Slovenia,Slovene
2010,Ireland,English
2010,Bulgaria,"Bulgarian, English"
2010,Cyprus,English
2010,Croatia,Croatian
2010,Georgia,English
2010,Turkey,English
2010,Azerbaijan,English
2010,Spain,Spanish
2010,Norway,English
2010,Moldova,English
2010,Cyprus,English
2010,Bosnia and Herzegovina,English
2010,Belgium,English
2010,Serbia,Serbian
2010,Belarus,English
2010,Ireland,English
2010,Greece,Greek[c]
2010,United Kingdom,English
2010,Georgia,English
2010,Turkey,English
2010,Albania,English
2010,Iceland,English
2010,Ukraine,English
2010,France,French
2010,Romania,English
2010,Russia,English
2010,Armenia,English
2010,Germany,English
2010,Portugal,Portuguese
2010,Israel,Hebrew
2010,Denmark,English
2011,Poland,Polish
2011,Norway,"English, Swahili"
2011,Albania,English[u]
2011,Armenia,English
2011,Turkey,English
2011,Serbia,Serbian
2011,Russia,"English, Russian"
2011,Switzerland,English
2011,Georgia,English
2011,Finland,English
2011,Malta,English
2011,San Marino,English
2011,Croatia,English
2011,Iceland,English
2011,Hungary,"English, Hungarian"
2011,Portugal,Portuguese
2011,Lithuania,English[b]
2011,Azerbaijan,English
2011,Greece,"English, Greek"
2011,Bosnia and Herzegovina,English[v]
2011,Austria,English
2011,Netherlands,English
2011,Belgium,English
2011,Slovakia,English
2011,Ukraine,English
2011,Moldova,English
2011,Sweden,English
2011,Cyprus,Greek
2011,Bulgaria,Bulgarian
2011,Macedonia,"Macedonian, English[t]"
2011,Israel,"Hebrew, English"
2011,Slovenia,English
2011,Romania,English
2011,Estonia,English
2011,Belarus,English
2011,Latvia,English
2011,Denmark,English
2011,Ireland,English
2011,Finland,English
2011,Bosnia and Herzegovina,English[v]
2011,Denmark,English
2011,Lithuania,English[b]
2011,Hungary,"English, Hungarian"
2011,Ireland,English
2011,Sweden,English
2011,Estonia,English
2011,Greece,"English, Greek"
2011,Russia,"English, Russian"
2011,France,Corsican
2011,Italy,"Italian, English"
2011,Switzerland,English
2011,United Kingdom,English
2011,Moldova,English
2011,Germany,English
2011,Romania,English
2011,Austria,English
2011,Azerbaijan,English
2011,Slovenia,English
2011,Iceland,English
2011,Spain,Spanish
2011,Ukraine,English
2011,Serbia,Serbian
2011,Georgia,English
2012,Montenegro,English[g][w]
2012,Iceland,English
2012,Greece,English
2012,Latvia,English
2012,Albania,Albanian
2012,Romania,"Spanish, English"
2012,Switzerland,English
2012,Belgium,English
2012,Finland,Swedish
2012,Israel,"English, Hebrew"
2012,San Marino,English[e]
2012,Cyprus,English
2012,Denmark,English
2012,Russia,"Udmurt, English"
2012,Hungary,English
2012,Austria,Mühlviertlerisch
2012,Moldova,English
2012,Ireland,English
2012,Serbia,Serbian
2012,Macedonia,Macedonian
2012,Netherlands,English
2012,Malta,English
2012,Belarus,English
2012,Portugal,Portuguese
2012,Ukraine,English
2012,Bulgaria,Bulgarian[b][c][d][e][j][q][x][y][z][aa]
2012,Slovenia,Slovene
2012,Croatia,Croatian
2012,Sweden,English
2012,Georgia,"English, Georgian"
2012,Turkey,English
2012,Estonia,Estonian
2012,Slovakia,English
2012,Norway,English
2012,Bosnia and Herzegovina,Bosnian
2012,Lithuania,English
2012,United Kingdom,English
2012,Hungary,English
2012,Albania,Albanian
2012,Lithuania,English
2012,Bosnia and Herzegovina,Bosnian
2012,Russia,"Udmurt, English"
2012,Iceland,English
2012,Cyprus,English
2012,France,"French, English"
2012,Italy,"English, Italian"
2012,Estonia,Estonian
2012,Norway,English
2012,Azerbaijan,English
2012,Romania,"Spanish, English"
2012,Denmark,English
2012,Greece,English
2012,Sweden,English
2012,Turkey,English
2012,Spain,Spanish
2012,Germany,English
2012,Malta,English
2012,Macedonia,Macedonian
2012,Ireland,English
2012,Serbia,Serbian
2012,Ukraine,English
2012,Moldova,English
2013,Austria,English
2013,Estonia,Estonian
2013,Slovenia,English
2013,Croatia,Croatian
2013,Denmark,English
2013,Russia,English
2013,Ukraine,English
2013,Netherlands,English
2013,Montenegro,Montenegrin
2013,Lithuania,English
2013,Belarus,English
2013,Moldova,Romanian
2013,Ireland,English
2013,Cyprus,Greek
2013,Belgium,English
2013,Serbia,Serbian
2013,Latvia,English
2013,San Marino,Italian
2013,Macedonia,"Macedonian, Romani"
2013,Azerbaijan,English
2013,Finland,English
2013,Malta,English
2013,Bulgaria,Bulgarian
2013,Iceland,Icelandic
2013,Greece,Greek[c]
2013,Israel,Hebrew
2013,Armenia,English
2013,Hungary,Hungarian
2013,Norway,English
2013,Albania,Albanian
2013,Georgia,English
2013,Switzerland,English
2013,Romania,English
2013,France,French
2013,Lithuania,English
2013,Moldova,Romanian
2013,Finland,English
2013,Spain,Spanish[c]
2013,Belgium,English
2013,Estonia,Estonian
2013,Belarus,English
2013,Malta,English
2013,Russia,English
2013,Germany,English
2013,Armenia,English
2013,Netherlands,English
2013,Romania,English
2013,United Kingdom,English
2013,Sweden,English
2013,Hungary,Hungarian
2013,Denmark,English
2013,Iceland,Icelandic
2013,Azerbaijan,English
2013,Greece,Greek[c]
2013,Ukraine,English
2013,Italy,Italian
2013,Norway,English
2013,Georgia,English
2013,Ireland,English
2014,Armenia,English
2014,Latvia,English[ab]
2014,Estonia,English
2014,Sweden,English
2014,Iceland,English
2014,Albania,English
2014,Russia,English
2014,Azerbaijan,English
2014,Ukraine,English
2014,Belgium,English
2014,Moldova,English
2014,San Marino,English
2014,Portugal,Portuguese
2014,Netherlands,English
2014,Montenegro,Montenegrin
2014,Hungary,English
2014,Malta,English
2014,Israel,"English, Hebrew"
2014,Norway,English
2014,Georgia,English
2014,Poland,"Polish, English"
2014,Austria,English
2014,Lithuania,English
2014,Finland,English
2014,Ireland,English
2014,Belarus,English
2014,Macedonia,English
2014,Switzerland,English
2014,Greece,English
2014,Slovenia,"English, Slovene"
2014,Romania,English
2014,Ukraine,English
2014,Belarus,English
2014,Azerbaijan,English
2014,Iceland,English
2014,Norway,English
2014,Romania,English
2014,Armenia,English
2014,Montenegro,Montenegrin
2014,Poland,"Polish, English"
2014,Greece,English
2014,Austria,English
2014,Germany,English
2014,Sweden,English
2014,France,French[c][d]
2014,Russia,English
2014,Italy,Italian[c]
2014,Slovenia,"English, Slovene"
2014,Finland,English
2014,Spain,"English, Spanish"
2014,Switzerland,English
2014,Hungary,English
2014,Malta,English
2014,Denmark,English
2014,Netherlands,English
2014,San Marino,English
2014,United Kingdom,English
2015,Moldova,English
2015,Armenia,English
2015,Belgium,English
2015,Netherlands,English
2015,Finland,Finnish
2015,Greece,English
2015,Estonia,English
2015,Macedonia,English
2015,Serbia,English
2015,Hungary,English
2015,Belarus,English
2015,Russia,English
2015,Denmark,English
2015,Albania,English
2015,Romania,"Romanian, English"
2015,Georgia,English
2015,Lithuania,English
2015,Ireland,English
2015,San Marino,English
2015,Montenegro,Montenegrin
2015,Malta,English
2015,Norway,English
2015,Portugal,Portuguese
2015,Czech Republic,English
2015,Israel,English
2015,Latvia,English
2015,Azerbaijan,English
2015,Iceland,English
2015,Sweden,English
2015,Switzerland,English
2015,Cyprus,English
2015,Slovenia,English
2015,Poland,English
2015,Slovenia,English
2015,France,French
2015,Israel,English
2015,Estonia,English
2015,United Kingdom,English
2015,Armenia,English
2015,Lithuania,English
2015,Serbia,English
2015,Norway,English
2015,Sweden,English
2015,Cyprus,English
2015,Australia,English
2015,Belgium,English
2015,Austria,English
2015,Greece,English
2015,Montenegro,Montenegrin
2015,Germany,English
2015,Poland,English
2015,Latvia,English
2015,Romania,"Romanian, English"
2015,Spain,Spanish
2015,Hungary,English
2015,Georgia,English
2015,Azerbaijan,English
2015,Russia,English
2015,Albania,English
2015,Italy,Italian
2016,Finland,English
2016,Greece,"English, Greek[ac]"
2016,Moldova,English
2016,Hungary,English
2016,Croatia,English
2016,Netherlands,English
2016,Armenia,English
2016,San Marino,English
2016,Russia,English
2016,Czech Republic,English
2016,Cyprus,English
2016,Austria,French
2016,Estonia,English
2016,Azerbaijan,English
2016,Montenegro,English
2016,Iceland,English
2016,Bosnia and Herzegovina,Bosnian
2016,Malta,English
2016,Latvia,English
2016,Poland,English
2016,Switzerland,English
2016,Israel,English
2016,Belarus,English
2016,Serbia,English
2016,Ireland,English
2016,Macedonia,Macedonian
2016,Lithuania,English
2016,Australia,English
2016,Slovenia,English
2016,Bulgaria,"English, Bulgarian"
2016,Denmark,English
2016,Ukraine,"English, Crimean Tatar"
2016,Norway,English
2016,Georgia,English
2016,Albania,English
2016,Belgium,English
2016,Belgium,English
2016,Czech Republic,English
2016,Netherlands,English
2016,Azerbaijan,English
2016,Hungary,English
2016,Italy,"Italian, English"
2016,Israel,English
2016,Bulgaria,"English, Bulgarian"
2016,Sweden,English
2016,Germany,English
2016,France,"French, English"
2016,Poland,English
2016,Australia,English
2016,Cyprus,English
2016,Serbia,English
2016,Lithuania,English
2016,Croatia,English
2016,Russia,English
2016,Spain,English
2016,Latvia,English
2016,Ukraine,"English, Crimean Tatar"
2016,Malta,English
2016,Georgia,English
2016,Austria,French
2016,United Kingdom,English
2016,Armenia,English
2017,Sweden,English
2017,Georgia,English
2017,Australia,English
2017,Albania,English
2017,Belgium,English
2017,Montenegro,English
2017,Finland,English
2017,Azerbaijan,English
2017,Portugal,Portuguese
2017,Greece,English
2017,Poland,English
2017,Moldova,English
2017,Iceland,English
2017,Czech Republic,English
2017,Cyprus,English
2017,Armenia,English
2017,Slovenia,English
2017,Latvia,English
2017,Serbia,English
2017,Austria,English
2017,Macedonia,English
2017,Malta,English
2017,Romania,English
2017,Netherlands,English
2017,Hungary,Hungarian
2017,Denmark,English
2017,Ireland,English
2017,San Marino,English
2017,Croatia,"English, Italian"
2017,Norway,English
2017,Switzerland,English
2017,Belarus,Belarusian
2017,Bulgaria,English
2017,Lithuania,English
2017,Estonia,English
2017,Israel,English
2017,Israel,English
2017,Poland,English
2017,Belarus,Belarusian
2017,Austria,English
2017,Armenia,English
2017,Netherlands,English
2017,Moldova,English
2017,Hungary,Hungarian
2017,Italy,Italian[c][o][ad]
2017,Denmark,English
2017,Portugal,Portuguese
2017,Azerbaijan,English
2017,Croatia,"English, Italian"
2017,Australia,English
2017,Greece,English
2017,Spain,"Spanish, English"
2017,Norway,English
2017,United Kingdom,English
2017,Cyprus,English
2017,Romania,English
2017,Germany,English
2017,Ukraine,English
2017,Belgium,English
2017,Sweden,English
2017,Bulgaria,English
2017,France,"French, English"
2018,Azerbaijan,English
2018,Iceland,English
2018,Albania,Albanian
2018,Belgium,English
2018,Czech Republic,English
2018,Lithuania,English[ae]
2018,Israel,English[i]
2018,Belarus,English
2018,Estonia,Italian
2018,Bulgaria,English
2018,Macedonia,English
2018,Croatia,English
2018,Austria,English
2018,Greece,Greek
2018,Finland,English
2018,Armenia,Armenian
2018,Switzerland,English
2018,Ireland,English
2018,Cyprus,English[d]
2018,Norway,English
2018,Romania,English
2018,Serbia,Serbian[af]
2018,San Marino,English
2018,Denmark,English[ag]
2018,Russia,English
2018,Moldova,English
2018,Netherlands,English
2018,Australia,English
2018,Georgia,Georgian
2018,Poland,English
2018,Malta,English
2018,Hungary,Hungarian
2018,Latvia,English
2018,Sweden,English
2018,Montenegro,Montenegrin
2018,Slovenia,Slovene[ah]
2018,Ukraine,English
2018,Ukraine,English
2018,Spain,Spanish
2018,Slovenia,Slovene[ah]
2018,Lithuania,English[ae]
2018,Austria,English
2018,Estonia,Italian
2018,Norway,English
2018,Portugal,Portuguese
2018,United Kingdom,English
2018,Serbia,Serbian[af]
2018,Germany,English
2018,Albania,Albanian
2018,France,French
2018,Czech Republic,English
2018,Denmark,English[ag]
2018,Australia,English
2018,Finland,English
2018,Bulgaria,English
2018,Moldova,English
2018,Sweden,English
2018,Hungary,Hungarian
2018,Israel,English
2018,Netherlands,English
2018,Ireland,English[i]
2018,Cyprus,English[d]
2018,Italy,Italian
2019,Cyprus,English
2019,Montenegro,English
2019,Finland,English
2019,Poland,"Polish, English"
2019,Slovenia,Slovene
2019,Czech Republic,English
2019,Hungary,Hungarian
2019,Belarus,English
2019,Serbia,Serbian[c]
2019,Belgium,English
2019,Georgia,Georgian[ai]
2019,Australia,English
2019,Iceland,Icelandic
2019,Estonia,English
2019,Portugal,Portuguese
2019,Greece,English
2019,San Marino,English[aa]
2019,Armenia,English
2019,Ireland,English
2019,Moldova,English
2019,Switzerland,English
2019,Latvia,English
2019,Romania,English
2019,Denmark,"English, French[g][aj]"
2019,Sweden,English
2019,Austria,English
2019,Croatia,"English, Croatian"
2019,Malta,English
2019,Lithuania,English
2019,Russia,English
2019,Albania,Albanian
2019,Norway,English[n]
2019,Netherlands,English
2019,North Macedonia,English
2019,Azerbaijan,English
2019,Malta,English
2019,Albania,Albanian
2019,Czech Republic,English
2019,Germany,English
2019,Russia,English
2019,Denmark,"English, French[g][aj]"
2019,San Marino,English[aa]
2019,North Macedonia,English
2019,Sweden,English
2019,Slovenia,Slovene
2019,Cyprus,English
2019,Netherlands,English
2019,Greece,English
2019,Israel,English
2019,Norway,English[n]
2019,United Kingdom,English
2019,Iceland,Icelandic
2019,Estonia,English
2019,Belarus,English
2019,Azerbaijan,English
2019,France,"French, English"
2019,Italy,Italian[x]
2019,Serbia,Serbian[c]
2019,Switzerland,English
2019,Australia,English
2019,Spain,Spanish
2020,Albania,English
2020,Armenia,English
2020,Australia,English
2020,Austria,English
2020,Azerbaijan,English[ak]
2020,Belarus,Belarusian
2020,Belgium,English
2020,Bulgaria,English
2020,Croatia,Croatian
2020,Cyprus,English
2020,Czech Republic,English
2020,Denmark,English
2020,Estonia,English
2020,Finland,English
2020,France,"French, English"
2020,Georgia,English[b][d][e][g]
2020,Germany,English
2020,Greece,English
2020,Iceland,English
2020,Ireland,English
2020,Israel,"English, Amharic, Hebrew, Arabic"
2020,Italy,Italian
2020,Latvia,English
2020,Lithuania,English
2020,Malta,English
2020,Moldova,English
2020,Netherlands,English
2020,North Macedonia,English
2020,Norway,English
2020,Poland,English
2020,Portugal,Portuguese
2020,Romania,English
2020,Russia,"English, Spanish"
2020,San Marino,English
2020,Serbia,Serbian[c][d]
2020,Slovenia,Slovene
2020,Spain,Spanish
2020,Sweden,English
2020,Switzerland,French
2020,Ukraine,Ukrainian
2020,United Kingdom,English
